                  epoch,         train/box_loss,         train/cls_loss,         train/dfl_loss,   metrics/precision(B),      metrics/recall(B),       metrics/mAP50(B),    metrics/mAP50-95(B),           val/box_loss,           val/cls_loss,           val/dfl_loss,                 lr/pg0,                 lr/pg1,                 lr/pg2
                      1,                 1.1076,                 3.8731,                 1.3534,                0.75837,                0.46615,                0.54219,                0.43033,                0.83425,                 1.9934,                 1.1739,              1.615e-05,              1.615e-05,              1.615e-05
                      2,                0.97988,                 1.5124,                 1.2103,                0.71818,                0.74592,                0.74324,                0.54238,                0.94558,                 1.9591,                  1.111,             3.4651e-05,             3.4651e-05,             3.4651e-05
                      3,                0.89353,                 1.2238,                 1.1695,                0.79635,                0.82194,                0.80217,                0.61173,                0.88981,                   1.74,                  1.083,             5.2192e-05,             5.2192e-05,             5.2192e-05
                      4,                0.83888,                 1.0179,                 1.1021,                0.68115,                0.89113,                 0.8219,                 0.6305,                0.85161,                 1.6217,                 1.0489,             6.8774e-05,             6.8774e-05,             6.8774e-05
                      5,                0.78129,                0.88477,                 1.0577,                0.83133,                0.84184,                0.84662,                0.64909,                0.84007,                 1.4348,                 1.0412,             8.4397e-05,             8.4397e-05,             8.4397e-05
